Model,Error_Type,n_estimators,learning_rate,max_depth,colsample_bytree,RÂ²,RMSE,MAE
XGBoost,Validation,300,0.05,10,0.5,0.6443260629340339,0.5188812695303926,0.37651418119621405
XGBoost,Validation,300,0.1,10,0.5,0.6439856587172013,0.5191295125310785,0.3744249438397292
XGBoost,Validation,300,0.1,10,0.8,0.6383580811217382,0.5232164083430922,0.3769862851458388
XGBoost,Validation,300,0.05,10,0.7,0.6380708147488985,0.5234241727587328,0.3776524313895384
XGBoost,Validation,100,0.1,10,0.5,0.6375040107570173,0.5238338700959906,0.3806648009281905
XGBoost,Validation,100,0.1,10,1.0,0.6347256440878173,0.5258375121980337,0.3808631168624494
XGBoost,Validation,300,0.05,15,0.7,0.6340741469675126,0.5263062407027718,0.38005704020170833
XGBoost,Validation,300,0.1,7,1.0,0.633897159472709,0.5264335046847567,0.380658393005591
XGBoost,Validation,300,0.1,15,0.5,0.6333004426728515,0.526862351150343,0.3823525237903219
XGBoost,Validation,100,0.1,15,0.5,0.6330563470451653,0.5270376764258065,0.3826825331953459
XGBoost,Validation,300,0.05,10,0.8,0.6323136112033854,0.5275707989973005,0.37807936075443993
XGBoost,Validation,300,0.1,20,0.5,0.6323134334945618,0.5275709264890674,0.38296334083637856
XGBoost,Validation,100,0.1,20,0.5,0.6322600982877588,0.5276091888117945,0.3830156490592034
XGBoost,Validation,100,0.05,15,0.5,0.6311918247747401,0.5283749775930816,0.3838856428110708
XGBoost,Validation,100,0.05,15,0.7,0.6309137189437095,0.5285741549448002,0.38394403406794164
XGBoost,Validation,100,0.1,10,0.8,0.6297444242986262,0.5294107752955721,0.3856804994789862
XGBoost,Validation,300,0.1,7,0.5,0.6290205373298642,0.529928048301468,0.3840500083932822
XGBoost,Validation,100,0.1,10,0.7,0.6280192741409856,0.530642696909118,0.3871853022822572
XGBoost,Validation,300,0.2,6,0.8,0.6276119033740086,0.530933181275885,0.38568556184338976
XGBoost,Validation,100,0.05,20,0.5,0.6268533727333614,0.531473644592334,0.38658623191086194
XGBoost,Validation,300,0.2,10,1.0,0.6256766280233381,0.5323110051125151,0.38371751136749543
XGBoost,Validation,300,0.05,7,0.7,0.6251552200722759,0.5326816132896587,0.3929191805858834
XGBoost,Validation,300,0.1,15,0.7,0.6250078541549876,0.5327863118275977,0.38437239860377015
XGBoost,Validation,100,0.1,15,0.7,0.6246009629880418,0.533075287572362,0.38475281475261536
XGBoost,Validation,300,0.01,15,0.5,0.6245757559495925,0.5330931845598129,0.3960178853498125
XGBoost,Validation,300,0.01,20,0.5,0.6236172427758996,0.5337732832938189,0.3966533956494145
XGBoost,Validation,300,0.1,6,0.5,0.6232235559096746,0.534052367026668,0.3930610958639853
XGBoost,Validation,100,0.05,10,0.5,0.6232011177734161,0.5340682689780321,0.3955497537387751
XGBoost,Validation,300,0.05,15,0.8,0.6219670818577403,0.5349421047625388,0.3860597516552884
XGBoost,Validation,300,0.2,6,0.7,0.6219014026954155,0.534988572969032,0.3885236366183396
XGBoost,Validation,300,0.2,10,0.8,0.6217628443612128,0.5350865901741845,0.38266346322075034
XGBoost,Validation,100,0.2,10,0.8,0.6212195761209534,0.5354707291172995,0.3838735256669909
XGBoost,Validation,300,0.01,15,0.7,0.621190285099417,0.5354914326442799,0.39603876313045305
XGBoost,Validation,300,0.2,7,0.7,0.6209878705094429,0.5356344817779582,0.3850653627383712
XGBoost,Validation,300,0.1,6,1.0,0.6203697931820307,0.5360710491619232,0.3892932808806182
XGBoost,Validation,100,0.05,20,0.7,0.6199294700566236,0.5363818464454155,0.3892248802753951
XGBoost,Validation,300,0.2,7,0.5,0.6196449429172339,0.5365825810834429,0.38848806238968164
XGBoost,Validation,300,0.1,7,0.7,0.6191945488596402,0.5369001818354828,0.38855399008224834
XGBoost,Validation,300,0.2,10,0.7,0.6187339254351227,0.5372248017410926,0.386036740031468
XGBoost,Validation,100,0.05,15,0.8,0.6184579026074003,0.5374192322058278,0.38961731494375595
XGBoost,Validation,300,0.05,7,0.5,0.6184370964948133,0.5374338851795029,0.3966146433779465
XGBoost,Validation,300,0.2,5,0.7,0.6179933996215893,0.5377462693898325,0.39246894431327906
XGBoost,Validation,100,0.2,10,0.7,0.6172088747971912,0.5382981694336283,0.3875145850857463
XGBoost,Validation,300,0.05,7,1.0,0.6169790500398502,0.5384597401628488,0.39654420448447714
XGBoost,Validation,300,0.01,20,0.7,0.6167384452518099,0.538628837508623,0.3986562983713554
XGBoost,Validation,100,0.2,20,0.5,0.6156881134010463,0.5393663912023287,0.39351951005348335
XGBoost,Validation,300,0.2,20,0.5,0.6156881131370944,0.5393663913875517,0.3935195073667162
XGBoost,Validation,300,0.2,5,1.0,0.6153689570831943,0.5395903062994766,0.3922629311294499
XGBoost,Validation,300,0.2,7,0.8,0.6146426942519909,0.5400994950084236,0.3861392661147909
XGBoost,Validation,300,0.01,15,0.8,0.614378875356068,0.5402843417357057,0.3980163635878333
XGBoost,Validation,100,0.05,10,0.8,0.6135384406869302,0.5408727775430806,0.39679858632164605
XGBoost,Validation,100,0.05,20,0.8,0.6134619228585778,0.5409263202059568,0.39142332079319986
XGBoost,Validation,300,0.2,5,0.5,0.6129856627490811,0.541259459859691,0.39877305029040355
XGBoost,Validation,300,0.2,6,1.0,0.6125035097032508,0.541596512833932,0.38959482543676494
XGBoost,Validation,100,0.05,10,1.0,0.6104088453030134,0.5430583763216055,0.39946423588226576
XGBoost,Validation,100,0.2,7,0.7,0.6097531845618878,0.5435151530872693,0.3963198184252542
XGBoost,Validation,300,0.3,7,0.7,0.608931713471625,0.5440869031350771,0.39264322003427726
XGBoost,Validation,100,0.2,7,0.5,0.6086346139917389,0.5442935387172344,0.399751176162185
XGBoost,Validation,300,0.2,5,0.8,0.608502978090479,0.5443850676941663,0.39498005249622364
XGBoost,Validation,300,0.3,6,0.5,0.6081970438620765,0.5445977302334679,0.39537795238187917
XGBoost,Validation,300,0.3,6,0.7,0.607093471621462,0.5453641618275118,0.39314675634548985
XGBoost,Validation,300,0.1,15,0.8,0.6070923824760432,0.5453649177076307,0.39377822399295087
XGBoost,Validation,100,0.2,6,0.8,0.6069177350527583,0.5454861115856018,0.40472081044986447
XGBoost,Validation,300,0.1,5,0.7,0.6067227502283605,0.545621386484168,0.40326125488098613
XGBoost,Validation,100,0.2,7,0.8,0.6064950119724979,0.5457793423274063,0.39703946551664365
XGBoost,Validation,300,0.2,15,0.5,0.6059729546001307,0.5461412611062569,0.3962169988320168
XGBoost,Validation,300,0.1,5,0.8,0.6052827773651408,0.54661936198146,0.40452267902270644
XGBoost,Validation,100,0.2,15,0.7,0.6052246540288708,0.5466596061988962,0.3969219313245413
XGBoost,Validation,300,0.3,5,0.5,0.6038340027503853,0.5476216021487423,0.40004767786153544
XGBoost,Validation,100,0.1,7,0.8,0.6037802463168709,0.5476587547386792,0.40892668856237413
XGBoost,Validation,300,0.05,6,0.5,0.6032582527058272,0.5480193882950872,0.4102482866343289
XGBoost,Validation,100,0.3,10,0.5,0.6032293646161697,0.548039339491502,0.3985726767465326
XGBoost,Validation,300,0.2,20,0.7,0.6032165193393173,0.5480482106873996,0.3957357970842364
XGBoost,Validation,100,0.3,7,0.7,0.6030623393868684,0.5481546791321923,0.3979276461337836
XGBoost,Validation,300,0.3,7,0.8,0.602798601313597,0.5483367546406874,0.3949481487447539
XGBoost,Validation,300,0.01,10,0.5,0.6023460102635867,0.5486490667997581,0.4156596677335656
XGBoost,Validation,300,0.01,10,0.7,0.6020275849909804,0.5488686908614305,0.41444238274566364
XGBoost,Validation,100,0.2,6,0.5,0.6020012899944573,0.54888682310048,0.40452019005307266
XGBoost,Validation,300,0.3,7,0.5,0.6018750484432689,0.5489738671390431,0.395997230587572
XGBoost,Validation,300,0.05,6,0.7,0.6014554805230403,0.5492630617378522,0.4114878879352469
XGBoost,Validation,300,0.3,5,1.0,0.6007903343733758,0.549721213697465,0.39967780826999205
XGBoost,Validation,100,0.2,6,0.7,0.6003037395665936,0.5500561379858704,0.4069429125069478
XGBoost,Validation,300,0.01,10,0.8,0.6001806015166053,0.5501408618511602,0.4145595973109767
XGBoost,Validation,300,0.3,6,0.8,0.6000693622114477,0.5502173876918255,0.3971755484539494
XGBoost,Validation,100,0.1,7,1.0,0.5999427806775466,0.5503044551032783,0.4094949288649222
XGBoost,Validation,100,0.2,7,1.0,0.5991129946973857,0.5508748714843048,0.398312936280779
XGBoost,Validation,100,0.3,7,0.8,0.5987968341923289,0.5510920530715532,0.39919774350548715
XGBoost,Validation,300,0.3,10,1.0,0.5986425991426145,0.5511979714067894,0.3964525426571022
XGBoost,Validation,100,0.3,10,1.0,0.598575307545687,0.5512441764064991,0.3966127520111444
XGBoost,Validation,300,0.05,15,1.0,0.5981508246872154,0.5515355534470432,0.3975993888860217
XGBoost,Validation,300,0.3,5,0.7,0.5980319355800573,0.5516171347023258,0.4027238234513431
XGBoost,Validation,300,0.05,6,0.8,0.5964280450217394,0.5527165413544273,0.41146836431600947
XGBoost,Validation,100,0.3,7,0.5,0.5961857089039694,0.5528824635372691,0.4017930345827829
XGBoost,Validation,300,0.3,10,0.7,0.5947401311420554,0.5538711860919239,0.39719405580127354
XGBoost,Validation,100,0.3,10,0.7,0.5943308763251058,0.5541507810752074,0.39746009613371236
XGBoost,Validation,300,0.3,6,1.0,0.5942925249453509,0.5541769747679685,0.39797223859421527
XGBoost,Validation,300,0.2,15,0.8,0.5942544737050433,0.5542029622443154,0.39937104969016923
XGBoost,Validation,100,0.2,15,0.8,0.5942544652239307,0.5542029680364405,0.3993710757068482
XGBoost,Validation,100,0.3,6,0.5,0.5940315437035801,0.5543551900489813,0.40794477729591877
XGBoost,Validation,300,0.05,6,1.0,0.5933187185316937,0.554841662604433,0.41622403892138155
XGBoost,Validation,300,0.3,10,0.8,0.5923905130773037,0.5554744843669425,0.3969710246908158
XGBoost,Validation,100,0.3,6,0.7,0.5918066834573619,0.5558721522621783,0.4063787666623056
XGBoost,Validation,100,0.3,6,0.8,0.5898794272938166,0.5571828627003048,0.407241489581516
XGBoost,Validation,100,0.1,7,0.7,0.5893134782137437,0.5575671745790194,0.4142111174516772
XGBoost,Validation,100,0.3,15,0.5,0.5891697121203123,0.5576647578162285,0.4061817154095314
XGBoost,Validation,300,0.3,15,0.5,0.5891697119159585,0.5576647579549244,0.40618171598387043
XGBoost,Validation,300,0.01,10,1.0,0.5884073191849662,0.558181957522371,0.41944704230353197
XGBoost,Validation,100,0.3,15,1.0,0.5881784223549715,0.5583371453185382,0.4037722633451897
XGBoost,Validation,300,0.3,3,1.0,0.5880096342983988,0.5584515528586742,0.414627919884887
XGBoost,Validation,100,0.3,20,0.5,0.5876194243003128,0.5587159544365369,0.40630568561798397
XGBoost,Validation,300,0.3,20,0.5,0.5876194241418231,0.5587159545439021,0.4063056852533332
XGBoost,Validation,100,0.2,20,0.8,0.5866999548004572,0.5593384816255147,0.40066726594351526
XGBoost,Validation,300,0.2,20,0.8,0.586699954254058,0.5593384819952487,0.40066726420439
XGBoost,Validation,300,0.3,3,0.7,0.584803287250032,0.5606204374704944,0.42132868292358255
XGBoost,Validation,100,0.3,15,0.7,0.5818814363064784,0.5625895975713602,0.4059620700602702
XGBoost,Validation,100,0.3,6,1.0,0.5813888946519139,0.5629208639609042,0.41085136264805483
XGBoost,Validation,100,0.2,5,1.0,0.5788914471601951,0.56459756896705,0.4234808461850972
XGBoost,Validation,300,0.01,15,1.0,0.5783142226191609,0.5649843908056487,0.4145999946840148
XGBoost,Validation,300,0.3,3,0.5,0.5779184057481752,0.5652494909257774,0.42580970504400956
XGBoost,Validation,100,0.3,20,0.7,0.5778514394552852,0.565294329604128,0.40808498694054185
XGBoost,Validation,300,0.3,20,0.7,0.5778514391228444,0.5652943298267119,0.4080849879551313
XGBoost,Validation,100,0.2,5,0.5,0.5775016936459343,0.5655284514373106,0.42568013167479885
XGBoost,Validation,300,0.05,5,0.5,0.5766839868733967,0.5660754511569182,0.4289370259197646
XGBoost,Validation,100,0.3,5,0.5,0.576641490629538,0.5661038642997691,0.42277982060167235
XGBoost,Validation,100,0.1,6,0.7,0.5763302250178293,0.5663119341568368,0.42780114421941184
XGBoost,Validation,100,0.1,6,1.0,0.5759873849108963,0.5665410219903559,0.42717628800811147
XGBoost,Validation,100,0.05,7,0.7,0.5758435252906267,0.5666371222731088,0.43097748925855156
XGBoost,Validation,300,0.2,3,0.5,0.5731128037386335,0.5684582022894736,0.4292667492855921
XGBoost,Validation,100,0.2,20,1.0,0.5722521528882538,0.5690309504247012,0.41058652915459287
XGBoost,Validation,100,0.05,7,1.0,0.5718379039319885,0.569306420466346,0.4330867871403911
XGBoost,Validation,300,0.3,3,0.8,0.571222419192189,0.5697154636564938,0.4278275846931942
XGBoost,Validation,100,0.3,5,0.7,0.5711519961912543,0.5697622471488871,0.4214232934442307
XGBoost,Validation,300,0.05,5,1.0,0.5710500741138169,0.5698299493433592,0.4318115920419223
XGBoost,Validation,100,0.2,5,0.8,0.5710301249393996,0.5698431997301712,0.4264349429402881
XGBoost,Validation,100,0.05,7,0.5,0.5709842217783296,0.569873687773706,0.4342391256681671
XGBoost,Validation,100,0.3,20,0.8,0.5687415637784871,0.5713612390357121,0.41075132689695604
XGBoost,Validation,300,0.3,20,0.8,0.568741563508594,0.5713612392144988,0.41075132840078876
XGBoost,Validation,300,0.2,3,1.0,0.5666533435145823,0.5727428784144329,0.4332528121377794
XGBoost,Validation,300,0.3,15,0.8,0.5586161743262588,0.5780297351055874,0.4101540937644415
XGBoost,Validation,100,0.3,15,0.8,0.5586161739211468,0.5780297353708518,0.41015409423432325
XGBoost,Validation,100,0.3,20,1.0,0.5560433011543895,0.5797119855050156,0.4147782907100243
XGBoost,Validation,300,0.1,20,1.0,0.5532757996100928,0.581516059313497,0.4171278866706618
XGBoost,Validation,300,0.05,20,1.0,0.5507999810497617,0.5831252613198648,0.4150226112137004
XGBoost,Validation,100,0.1,5,1.0,0.5456119914153309,0.5864829670378857,0.4511956792771202
XGBoost,Validation,100,0.05,6,0.7,0.5439970572381173,0.5875242481846518,0.45228327462101997
XGBoost,Validation,100,0.05,6,1.0,0.5387039388446864,0.5909242952569196,0.45663003320458617
XGBoost,Validation,100,0.05,6,0.5,0.5383551820816012,0.5911476332862541,0.4568761913112536
XGBoost,Validation,300,0.01,7,0.8,0.5376227683384995,0.5916163844150114,0.4598378008146229
XGBoost,Validation,300,0.1,3,1.0,0.5372569916426211,0.5918503456604804,0.4557643581804631
XGBoost,Validation,300,0.01,7,0.7,0.5370649404382564,0.5919731500880886,0.4599632789165521
XGBoost,Validation,300,0.1,3,0.8,0.5320966008257003,0.5951412774828077,0.4599491961099798
XGBoost,Validation,100,0.3,3,0.7,0.5250163023274232,0.5996271998896213,0.4588577264215535
XGBoost,Validation,100,0.3,3,0.5,0.5249943986195383,0.5996410255300336,0.46050821017356214
XGBoost,Validation,100,0.05,5,0.5,0.5099185037645176,0.6090825053351637,0.4766838586725498
XGBoost,Validation,100,0.05,5,0.7,0.5098261581363691,0.6091398870743538,0.47576737033426947
XGBoost,Validation,100,0.05,5,1.0,0.5085200777417689,0.6099508813957605,0.4752018185205114
XGBoost,Validation,100,0.2,3,0.8,0.5076929270266888,0.6104639330877372,0.4766339927868019
XGBoost,Validation,100,0.2,3,0.5,0.5076678624713635,0.6104794729947555,0.4768025738990083
XGBoost,Validation,100,0.05,5,0.8,0.5039135068236817,0.6128027056709805,0.4772326486299226
XGBoost,Validation,100,0.2,3,0.7,0.5036334350783271,0.61297566392398,0.47869598993028406
XGBoost,Validation,300,0.01,6,0.5,0.5028565717529305,0.6134551604971484,0.482634489347942
XGBoost,Validation,300,0.01,6,0.8,0.5015980502885995,0.6142311523442667,0.48310351348469277
XGBoost,Validation,300,0.01,6,0.7,0.5015625080460857,0.6142530531046817,0.48309917390608725
XGBoost,Validation,100,0.01,20,0.7,0.5011650589402338,0.6144979039460463,0.49890900464250965
XGBoost,Validation,100,0.01,20,0.5,0.5002904184062311,0.615036388065488,0.5000038460154116
XGBoost,Validation,100,0.01,15,0.7,0.49905347318050997,0.6157971260491655,0.49927368053879984
XGBoost,Validation,100,0.2,3,1.0,0.49869243062347,0.6160189949635703,0.48101750408691313
XGBoost,Validation,100,0.01,20,0.8,0.49622008824224473,0.6175361640507503,0.5001831124003777
XGBoost,Validation,300,0.05,3,0.7,0.4797773156609426,0.6275330674339723,0.49344620292093105
XGBoost,Validation,300,0.05,3,1.0,0.4796242956453939,0.6276253529708958,0.49414985907573533
XGBoost,Validation,300,0.05,3,0.8,0.4792321201977484,0.6278618099135669,0.4939998179483549
XGBoost,Validation,300,0.05,3,0.5,0.4767504224181546,0.6293560565725004,0.4956573186771671
XGBoost,Validation,300,0.01,5,1.0,0.4681234679196824,0.6345230264125488,0.5047459138239115
XGBoost,Validation,100,0.01,15,1.0,0.4678722425977393,0.6346728632851977,0.5114804504922942
XGBoost,Validation,300,0.01,5,0.5,0.4678451165913273,0.6346890397771402,0.5052696478729019
XGBoost,Validation,100,0.01,10,0.7,0.4626253983840708,0.637794163754312,0.5212282979495577
XGBoost,Validation,100,0.01,10,0.8,0.4603545502923472,0.639140344594085,0.5223910270175186
XGBoost,Validation,100,0.1,3,0.7,0.46003754407589226,0.639328043495319,0.5076196054121519
XGBoost,Validation,100,0.1,3,1.0,0.4588052333991398,0.6400571699060625,0.5081266731648287
XGBoost,Validation,100,0.01,10,0.5,0.45791518088836325,0.6405832748242368,0.5242325126648526
XGBoost,Validation,100,0.1,3,0.8,0.4563262914667944,0.64152138563392,0.5096312778688977
XGBoost,Validation,100,0.1,3,0.5,0.45368704852271213,0.6430766208116903,0.5104032065872889
XGBoost,Validation,100,0.01,10,1.0,0.45359425656729246,0.6431312321872104,0.5249680674742501
XGBoost,Validation,100,0.01,20,1.0,0.44356655075857476,0.64900581393564,0.5181970618185177
XGBoost,Validation,100,0.01,7,0.8,0.39374141307560684,0.6774401370743725,0.5596545498363922
XGBoost,Validation,100,0.01,7,0.7,0.39259852687395824,0.6780783733466539,0.5605369206126004
XGBoost,Validation,100,0.01,7,1.0,0.39209214264941716,0.6783609678666355,0.5605953910714119
XGBoost,Validation,300,0.01,3,1.0,0.37347010120216695,0.6886727094472196,0.5629923337077807
XGBoost,Validation,300,0.01,3,0.8,0.3719380333133697,0.6895142088892373,0.5637800943656847
XGBoost,Validation,300,0.01,3,0.7,0.3708972253332037,0.6900852949099484,0.5642400021766248
XGBoost,Validation,300,0.01,3,0.5,0.36880170835534354,0.6912336631079675,0.565264911425121
XGBoost,Validation,100,0.01,6,1.0,0.36053161288064883,0.6957472725487698,0.5780720449552508
XGBoost,Validation,100,0.01,6,0.7,0.3591227657829006,0.6965132699426193,0.5790170148394259
XGBoost,Validation,100,0.01,6,0.8,0.35904980000310227,0.6965529188681089,0.5790584178067695
XGBoost,Validation,100,0.01,6,0.5,0.3577667422976729,0.6972497520812688,0.5796679752716342
XGBoost,Validation,100,0.01,5,1.0,0.327862014185064,0.7132983063912613,0.5950370282370807
XGBoost,Validation,100,0.01,5,0.8,0.32583236961008977,0.7143744624667087,0.5963300717987108
XGBoost,Validation,100,0.01,5,0.5,0.3234554800909847,0.7156326771103372,0.5973737893423791
XGBoost,Validation,100,0.01,3,0.8,0.25033310395107844,0.7533141749918446,0.633771489248535
XGBoost,Validation,100,0.01,3,0.7,0.24886050959541817,0.754053691416575,0.6342332046458656
XGBoost,Train,300,0.3,20,0.5,0.9987726952742864,0.03009201568591534,0.0023166279360594356
XGBoost,Train,100,0.3,20,0.5,0.9987726952540722,0.030092015933728556,0.002316636035378482
XGBoost,Train,300,0.2,20,0.5,0.9987726950649217,0.03009201825259892,0.002314027777963656
XGBoost,Train,100,0.2,20,0.5,0.9987726949844937,0.030092019238596276,0.002314061511448588
XGBoost,Train,300,0.3,20,0.7,0.9987726934201564,0.030092038416411036,0.0023124439248035466
XGBoost,Train,100,0.3,20,0.7,0.99877269340405,0.030092038613865946,0.0023124509811793354
XGBoost,Train,300,0.2,20,0.7,0.9987726920831246,0.03009205480758835,0.0023138874318113763
XGBoost,Train,100,0.3,20,1.0,0.9987726914218196,0.030092062914773045,0.0023066501946709408
XGBoost,Train,300,0.1,20,1.0,0.9987726766897169,0.030092243520547245,0.0023206637229442858
XGBoost,Train,300,0.1,20,0.5,0.9987726584631201,0.03009246696499258,0.0023308359293114935
XGBoost,Train,300,0.05,20,1.0,0.9987726203417749,0.030092934298810436,0.0023386473140288903
XGBoost,Train,300,0.2,20,0.8,0.9987726133453741,0.030093020067678285,0.00234215031717347
XGBoost,Train,100,0.2,20,0.8,0.9987726132577718,0.030093021141595285,0.002342184613090461
XGBoost,Train,300,0.3,20,0.8,0.9987725856122639,0.030093360045437847,0.0023444204080393816
XGBoost,Train,100,0.3,20,0.8,0.9987725855888901,0.03009336033197248,0.0023444292220722684
XGBoost,Train,100,0.2,20,1.0,0.998772583627547,0.03009338437576116,0.0023495641206771377
XGBoost,Train,100,0.3,15,1.0,0.9987722259694453,0.03009776852730649,0.002475744929882636
XGBoost,Train,100,0.3,15,0.8,0.998772214687977,0.03009790680447933,0.0024873850902359666
XGBoost,Train,300,0.3,15,0.8,0.9987722146620057,0.030097907122808017,0.00248739503567288
XGBoost,Train,100,0.3,15,0.7,0.9987721783837167,0.03009835178217746,0.0025001774512570032
XGBoost,Train,300,0.3,15,0.5,0.9987721479199739,0.030098725168159503,0.002505414509035594
XGBoost,Train,100,0.3,15,0.5,0.9987721478963508,0.030098725457699337,0.002505422959948256
XGBoost,Train,300,0.2,15,0.5,0.9987719813681631,0.030100766467463378,0.002553466956396712
XGBoost,Train,100,0.2,15,0.7,0.9987719784757019,0.030100801916945894,0.002541045327798271
XGBoost,Train,300,0.2,15,0.8,0.9987719297557531,0.030101399013556667,0.002567863453735309
XGBoost,Train,100,0.2,15,0.8,0.9987719295092772,0.030101402034259487,0.0025679482185195154
XGBoost,Train,300,0.3,10,0.7,0.9987719278639375,0.03010142219882502,0.002587704874429098
XGBoost,Train,300,0.3,10,1.0,0.9987718471523661,0.03010241134803657,0.0026235392928302564
XGBoost,Train,300,0.1,15,0.8,0.9987717027791939,0.03010418061189887,0.0026213118093630205
XGBoost,Train,300,0.3,10,0.8,0.9987717009404401,0.030104203144782394,0.002643015389603235
XGBoost,Train,300,0.1,15,0.5,0.998771541486988,0.030106157092113613,0.002663489273325127
XGBoost,Train,300,0.1,15,0.7,0.9987715133108083,0.03010650235067212,0.002669070373338919
XGBoost,Train,300,0.2,10,0.8,0.9987715090221864,0.030106554901217487,0.002698162085615292
XGBoost,Train,300,0.2,10,1.0,0.9987712965530414,0.030109158272970928,0.0027433913878988753
XGBoost,Train,300,0.2,10,0.7,0.9987711864939779,0.030110506731611864,0.0027590482038876785
XGBoost,Train,100,0.1,20,0.5,0.99877083208788,0.030114848553139104,0.002694484155099294
XGBoost,Train,300,0.05,15,0.8,0.9987687980213487,0.030139755762294666,0.003114367577289832
XGBoost,Train,300,0.05,15,1.0,0.9987681049165792,0.03014823815172129,0.003198366941865009
XGBoost,Train,300,0.05,15,0.7,0.9987672389187373,0.030158833097156806,0.0033184666101571092
XGBoost,Train,100,0.1,15,0.5,0.9987160634211802,0.030778458308430474,0.006190109461645781
XGBoost,Train,100,0.1,15,0.7,0.9987008259018773,0.03096055612105599,0.0067045875722282775
XGBoost,Train,300,0.3,7,0.8,0.99864029817022,0.03167356276845902,0.009026467472034663
XGBoost,Train,300,0.3,7,0.7,0.9986041583246085,0.03209173199920327,0.00989899295858403
XGBoost,Train,100,0.3,10,1.0,0.9985842595372063,0.032319668576181855,0.010080851633893323
XGBoost,Train,100,0.3,10,0.5,0.9985796833037553,0.03237186141286225,0.01017517181085852
XGBoost,Train,100,0.3,10,0.7,0.9985779142487733,0.03239201529183399,0.010219854871538737
XGBoost,Train,300,0.3,7,0.5,0.9985560233500504,0.03264037664442781,0.010927600122489048
XGBoost,Train,300,0.1,10,0.5,0.9985361864671559,0.03286381334082107,0.01115016754281055
XGBoost,Train,300,0.1,10,0.8,0.9984970950856602,0.033299738924044545,0.011801909709841943
XGBoost,Train,100,0.05,20,0.7,0.9982135588551655,0.0363052500822912,0.014945957969156197
XGBoost,Train,100,0.05,20,0.8,0.9982019234951836,0.03642328897129074,0.015036121479319316
XGBoost,Train,100,0.05,20,0.5,0.9981803119115449,0.03664152600783537,0.015349228829314582
XGBoost,Train,300,0.2,7,0.8,0.9974366538216922,0.043488928451732224,0.024620165220904617
XGBoost,Train,100,0.2,10,0.7,0.9973864406318144,0.0439128132841928,0.024276064358413885
XGBoost,Train,100,0.2,10,0.8,0.9973764589618885,0.04399658897737948,0.02446584642838586
XGBoost,Train,300,0.2,7,0.7,0.9973391515324663,0.04430830612938776,0.02544746436440965
XGBoost,Train,300,0.2,7,0.5,0.997273114058064,0.04485476263492242,0.02571521202622533
XGBoost,Train,300,0.3,6,0.8,0.9969663495373519,0.04731053358993321,0.0286467356559935
XGBoost,Train,300,0.3,6,1.0,0.996890932652799,0.04789499597688213,0.029078050422656213
XGBoost,Train,300,0.3,6,0.7,0.9966262947293801,0.04989173950186777,0.03071636013448109
XGBoost,Train,100,0.05,15,0.8,0.9965689764999229,0.05031377724051438,0.027957063909935933
XGBoost,Train,100,0.05,15,0.7,0.9964658519631618,0.051064307284770766,0.0286101882974147
XGBoost,Train,300,0.3,6,0.5,0.9964229398025224,0.051373387167798615,0.03208584689750949
XGBoost,Train,100,0.05,15,0.5,0.99606932039654,0.05385287565686407,0.030670296310827086
XGBoost,Train,300,0.05,10,0.7,0.9941540321219586,0.0656754850004054,0.04321515712765437
XGBoost,Train,300,0.05,10,0.5,0.9934602682929186,0.06946324092049745,0.046392752419580276
XGBoost,Train,300,0.05,10,0.8,0.993386093705539,0.06985606129114103,0.046071391348220976
XGBoost,Train,300,0.2,6,1.0,0.990888567358878,0.08199142052123289,0.058174926949039925
XGBoost,Train,300,0.2,6,0.7,0.9899486291163048,0.08611676863862328,0.060198130522869014
XGBoost,Train,300,0.2,6,0.8,0.9899319074903603,0.08618837150752327,0.06060350680109192
XGBoost,Train,300,0.01,20,0.7,0.9898478055045761,0.08654760234445961,0.06201819183052315
XGBoost,Train,300,0.01,20,0.5,0.9896142054183811,0.08753766149316168,0.0628439053554316
XGBoost,Train,300,0.3,5,1.0,0.985883646906024,0.10205548071928044,0.07383513738329316
XGBoost,Train,100,0.1,10,1.0,0.9856756924123282,0.1028044455930869,0.07211583890907765
XGBoost,Train,100,0.1,10,0.5,0.9843504425963009,0.10745487072819866,0.07568588815470231
XGBoost,Train,300,0.3,5,0.7,0.9843110173626086,0.10759013872561543,0.07787701061176444
XGBoost,Train,100,0.1,10,0.8,0.9833826689270336,0.11072755558847419,0.0777779191022462
XGBoost,Train,100,0.3,7,0.8,0.9830673445763871,0.1117731811925899,0.07957256791732789
XGBoost,Train,300,0.01,15,0.8,0.9820477990645997,0.1150890291657906,0.08220266346668019
XGBoost,Train,300,0.01,15,1.0,0.9820235701389202,0.1151666670921813,0.08270811997771275
XGBoost,Train,300,0.01,15,0.7,0.9819723234600191,0.11533070714328165,0.08256134801615593
XGBoost,Train,100,0.3,7,0.7,0.9819230239046461,0.11548829458188349,0.08358893190295115
XGBoost,Train,100,0.1,10,0.7,0.9817997106379265,0.11588153055231185,0.08105306518901303
XGBoost,Train,300,0.3,5,0.5,0.981756738550745,0.11601825187762117,0.08401936987686591
XGBoost,Train,300,0.01,15,0.5,0.9812893688347427,0.11749497554177561,0.08444057909810483
XGBoost,Train,300,0.1,7,1.0,0.9808186650061663,0.1189637077422824,0.08614080581005014
XGBoost,Train,300,0.1,7,0.7,0.9805139285092423,0.11990498030416406,0.08604793302431472
XGBoost,Train,100,0.3,7,0.5,0.9794904599971459,0.12301357391945675,0.08919029724340165
XGBoost,Train,300,0.1,7,0.5,0.9792631137869097,0.1236934915210651,0.08935743074782575
XGBoost,Train,300,0.2,5,0.8,0.964533471248789,0.16176494652741916,0.12027580204669237
XGBoost,Train,300,0.2,5,1.0,0.96436358617278,0.16215191165581547,0.12051193270435441
XGBoost,Train,300,0.2,5,0.7,0.9615654382224151,0.1683976564176052,0.12418803683424043
XGBoost,Train,300,0.2,5,0.5,0.9594348887770509,0.1730021147224843,0.12814076029988142
XGBoost,Train,100,0.2,7,1.0,0.9565228578392387,0.17910411783417665,0.13153349152775257
XGBoost,Train,100,0.2,7,0.7,0.9549599794208088,0.182294836078157,0.133593089563795
XGBoost,Train,100,0.2,7,0.5,0.9549204801862222,0.1823747530988079,0.13347257728255776
XGBoost,Train,100,0.2,7,0.8,0.9548690932200494,0.18247866964549456,0.13411687889997473
XGBoost,Train,300,0.1,6,1.0,0.9538094726095567,0.184608433357987,0.13645364083187755
XGBoost,Train,100,0.3,6,0.8,0.9504535433872929,0.19119713340317943,0.1407516371718958
XGBoost,Train,100,0.05,10,0.5,0.9498482729577198,0.19236144148829593,0.13928086808824855
XGBoost,Train,100,0.05,10,0.8,0.948670668500515,0.1946067412764844,0.13949673503765508
XGBoost,Train,100,0.05,10,1.0,0.9481398194696256,0.19561046633035492,0.1408145279529115
XGBoost,Train,300,0.1,6,0.5,0.9474341369517338,0.1969368449240627,0.14567725075211435
XGBoost,Train,100,0.3,6,0.7,0.9463142700129635,0.19902356794650075,0.14616951469376152
XGBoost,Train,100,0.3,6,1.0,0.9459337252543352,0.19972769952331962,0.1466627060280578
XGBoost,Train,100,0.3,6,0.5,0.9448121071832122,0.20178876501444618,0.1499057236647495
XGBoost,Train,300,0.05,7,1.0,0.9278840190194944,0.23066985044945185,0.17073620489059857
XGBoost,Train,300,0.05,7,0.7,0.9259066967123225,0.23381079303847638,0.17326280321590604
XGBoost,Train,300,0.05,7,0.5,0.9217487276046133,0.24028174669592317,0.1779343392892251
XGBoost,Train,100,0.2,6,0.8,0.9119765770448667,0.25484387656966734,0.19056406806794873
XGBoost,Train,100,0.2,6,0.7,0.9058525336164875,0.26355993688286844,0.19768367869842532
XGBoost,Train,100,0.2,6,0.5,0.9042170156547628,0.26583934516868873,0.1999078799909231
XGBoost,Train,300,0.01,10,1.0,0.8988870552672245,0.2731356922127324,0.2009867179643028
XGBoost,Train,300,0.01,10,0.8,0.8981088484325446,0.2741847599142555,0.20218910765527603
XGBoost,Train,300,0.01,10,0.7,0.8948529242977643,0.2785310880607517,0.20485884143080782
XGBoost,Train,300,0.1,5,0.8,0.8918452047306143,0.282486674523746,0.2132212177708967
XGBoost,Train,300,0.01,10,0.5,0.8914172573452492,0.2830449950563615,0.20971371421970098
XGBoost,Train,100,0.3,5,0.7,0.8887615562954112,0.286485422584039,0.2150533159778081
XGBoost,Train,300,0.1,5,0.7,0.8885850425241927,0.2867126308041235,0.21607674836671237
XGBoost,Train,100,0.1,7,1.0,0.8829741304259651,0.2938434502338743,0.22103574763706255
XGBoost,Train,100,0.3,5,0.5,0.8826786388054435,0.29421419533537896,0.2217497451653728
XGBoost,Train,100,0.1,7,0.8,0.882125619671971,0.2949068006327733,0.22143790231498178
XGBoost,Train,100,0.1,7,0.7,0.879455696892289,0.2982280038097161,0.22443960521319986
XGBoost,Train,300,0.05,6,0.8,0.8677493519753228,0.31237335398023053,0.23465617286858861
XGBoost,Train,300,0.05,6,0.7,0.8663583025355404,0.3140118719642536,0.23729813201744407
XGBoost,Train,300,0.05,6,1.0,0.8662825801583529,0.3141008200944264,0.23645838642209369
XGBoost,Train,300,0.05,6,0.5,0.8614658432573004,0.31970800394756854,0.2418642486514298
XGBoost,Train,300,0.3,3,1.0,0.8411938910701598,0.34230140260259057,0.2610343586624327
XGBoost,Train,100,0.2,5,1.0,0.8355805862088773,0.3482985159798456,0.2643681223783444
XGBoost,Train,300,0.3,3,0.8,0.8355097193599823,0.34837356842850253,0.265818754355267
XGBoost,Train,300,0.3,3,0.7,0.8346423095861928,0.3492909032022012,0.26633543129519166
XGBoost,Train,100,0.2,5,0.8,0.834632738000197,0.3493010122558837,0.2644681592874147
XGBoost,Train,300,0.3,3,0.5,0.8300953445803048,0.3540606935094446,0.2691471526578301
XGBoost,Train,100,0.2,5,0.5,0.8268303821596257,0.3574463984423405,0.27255493450837287
XGBoost,Train,100,0.1,6,0.7,0.8157492171216064,0.3687056113612759,0.28195655319592844
XGBoost,Train,100,0.1,6,1.0,0.8145427304446934,0.3699107964011674,0.28286628188356133
XGBoost,Train,100,0.01,20,0.8,0.8111217323734641,0.3733069467838153,0.3088486491058673
XGBoost,Train,100,0.01,20,1.0,0.810562476993524,0.3738592062049128,0.31010666006380705
XGBoost,Train,100,0.01,20,0.7,0.8098717671537974,0.37454015175988553,0.30974964187653775
XGBoost,Train,100,0.01,20,0.5,0.8076236235836323,0.3767479920781042,0.3112595851333625
XGBoost,Train,100,0.05,7,0.7,0.7980450918733455,0.3860133124573182,0.2968814694113328
XGBoost,Train,100,0.05,7,1.0,0.7973586797087608,0.38666875449372146,0.29657118669340576
XGBoost,Train,100,0.05,7,0.5,0.7967476991869372,0.3872512350777267,0.29741465939917305
XGBoost,Train,300,0.05,5,0.5,0.7850340708239394,0.39825376703623894,0.30553323564467494
XGBoost,Train,100,0.01,15,0.7,0.7842815354953971,0.39895024530437045,0.3279980606228348
XGBoost,Train,300,0.05,5,1.0,0.7835854311695131,0.39959341536349496,0.3055554093784531
XGBoost,Train,300,0.2,3,1.0,0.7819114635282777,0.4011358668041591,0.3065826576638751
XGBoost,Train,100,0.01,15,1.0,0.7808868053824716,0.4020771026039857,0.3310233636612187
XGBoost,Train,300,0.2,3,0.5,0.7751666901019434,0.407291553144504,0.312352383729002
XGBoost,Train,100,0.1,5,1.0,0.729572536498994,0.44668407929571013,0.34494078576413817
XGBoost,Train,100,0.05,6,1.0,0.723249726463695,0.4518758230834737,0.35193381063324763
XGBoost,Train,300,0.01,7,0.8,0.7197464280231604,0.4547269087385191,0.355137244213011
XGBoost,Train,300,0.01,7,0.7,0.7187966536347794,0.45549678773086005,0.35558250180941703
XGBoost,Train,100,0.05,6,0.7,0.717002509754713,0.4569475659692638,0.3555024974817029
XGBoost,Train,100,0.05,6,0.5,0.7130532451141078,0.46012489898429076,0.3583126789705975
XGBoost,Train,300,0.1,3,1.0,0.6838924334562402,0.48293927082582677,0.375852145245012
XGBoost,Train,300,0.1,3,0.8,0.6823331622488467,0.48412890852602214,0.3761105009820025
XGBoost,Train,100,0.3,3,0.7,0.6814261473134857,0.4848195678939605,0.3777788081798258
XGBoost,Train,100,0.3,3,0.5,0.6760855970832906,0.48886641910294315,0.38011077320528375
XGBoost,Train,100,0.01,10,1.0,0.6490365622559932,0.508869022595709,0.415584754661635
XGBoost,Train,100,0.01,10,0.8,0.6474736953795444,0.510000780271184,0.41757140161762074
XGBoost,Train,100,0.01,10,0.7,0.6459405556426143,0.5111085758745576,0.41799557260778386
XGBoost,Train,300,0.01,6,0.7,0.6410122142002854,0.5146534785153606,0.4083540051100874
XGBoost,Train,300,0.01,6,0.8,0.6401279126435392,0.5152869665688148,0.40832064733735746
XGBoost,Train,100,0.01,10,0.5,0.6389722387678213,0.5161136858124824,0.42322496698114453
XGBoost,Train,300,0.01,6,0.5,0.6371664118453263,0.5174028518205496,0.41112242137017213
XGBoost,Train,100,0.05,5,1.0,0.6371331199818034,0.5174265884736349,0.4079150842719375
XGBoost,Train,100,0.05,5,0.7,0.6371280270116093,0.5174302195971836,0.40979753373906747
XGBoost,Train,100,0.05,5,0.8,0.6370220248904337,0.5175057899083485,0.40893039898202554
XGBoost,Train,100,0.05,5,0.5,0.633841621425224,0.5197680313467313,0.41152459854276213
XGBoost,Train,100,0.2,3,0.8,0.6288152590516429,0.5233233749641764,0.4109101035931293
XGBoost,Train,100,0.2,3,1.0,0.6277891913543939,0.5240461884034506,0.41171827985222426
XGBoost,Train,100,0.2,3,0.7,0.6277814784263035,0.5240516180007843,0.4123488142071766
XGBoost,Train,100,0.2,3,0.5,0.6205426495731226,0.5291229041565849,0.41636700182897535
XGBoost,Train,300,0.05,3,0.8,0.5872029679366424,0.5518783527812012,0.4382376546190769
XGBoost,Train,300,0.05,3,1.0,0.5864063236525738,0.5524106226238108,0.4399438865859002
XGBoost,Train,300,0.05,3,0.7,0.5863739539616197,0.5524322392638872,0.43844477373458685
XGBoost,Train,300,0.05,3,0.5,0.5822380451566376,0.5551872957026909,0.44228470942913256
XGBoost,Train,300,0.01,5,1.0,0.5674068569325335,0.5649563467926748,0.4528650069159054
XGBoost,Train,300,0.01,5,0.5,0.5616601058656607,0.568696526285678,0.4571333943827167
XGBoost,Train,100,0.1,3,1.0,0.5443904048042585,0.5797910502074924,0.46421005883795197
XGBoost,Train,100,0.1,3,0.7,0.544064875944045,0.5799981409061356,0.46463327265620397
XGBoost,Train,100,0.1,3,0.8,0.5439126957785423,0.580094927537094,0.4638009798834295
XGBoost,Train,100,0.1,3,0.5,0.5382172830550095,0.5837056721923095,0.4678390448753532
XGBoost,Train,100,0.01,7,1.0,0.4903838391644634,0.6131922710802573,0.5062243840189932
XGBoost,Train,100,0.01,7,0.8,0.49025388126940883,0.6132704515846978,0.5065436724500139
XGBoost,Train,100,0.01,7,0.7,0.4887057581631491,0.6142010112860985,0.5075277398952329
XGBoost,Train,100,0.01,6,0.7,0.42837229993683534,0.6494290466662975,0.5385020510308333
XGBoost,Train,100,0.01,6,0.8,0.42776142750238877,0.6497759615993932,0.5386584437592152
XGBoost,Train,100,0.01,6,1.0,0.42672389919000475,0.6503647506857141,0.5383372971179912
XGBoost,Train,100,0.01,6,0.5,0.42464189882096426,0.6515446642317357,0.5409016077190872
XGBoost,Train,300,0.01,3,1.0,0.4104639827300328,0.6595234590337005,0.5389518683992088
XGBoost,Train,300,0.01,3,0.8,0.40854524826609206,0.660595846789207,0.5399277940837675
XGBoost,Train,300,0.01,3,0.7,0.40704968058817903,0.6614305192922039,0.5405924003058655
XGBoost,Train,300,0.01,3,0.5,0.40452966054688855,0.6628345584522239,0.5424847164722728
XGBoost,Train,100,0.01,5,1.0,0.3740138133263792,0.6796063862519294,0.5650235156743548
XGBoost,Train,100,0.01,5,0.8,0.3722743441198574,0.6805499648108362,0.5661034666041234
XGBoost,Train,100,0.01,5,0.5,0.36877892111252397,0.6824421191566741,0.5687122295490421
XGBoost,Train,100,0.01,3,0.8,0.26621044409445427,0.7358017888810979,0.6165726483024644
XGBoost,Train,100,0.01,3,0.7,0.26535011578298895,0.7362330062959355,0.6169545706161056
